Entrepot Secondary School - Wikipedia,Linguistics - Wikipedia,32,,these results choose the first link in the body of the article including those in brackets
,,,,
Elsie Maud Wakefield - Wikipedia,Science - Wikipedia,19,,
,,,,
Zos Kia Cultus (Here and Beyond) - Wikipedia,Linguistics - Wikipedia,10,,
,,,,
Cook Islands art - Wikipedia,Science - Wikipedia,20,,
,,,,
Grimaldo Canella - Wikipedia,Latin - Wikipedia,10,,
,,,,
CSI: Hard Evidence - Wikipedia,Latin - Wikipedia,19,,
,,,,
Induced movement - Wikipedia,Latin - Wikipedia,15,,
,,,,
"Attigny, Ardennes - Wikipedia",Linguistics - Wikipedia,30,,
,,,,
The Devil Drives - Wikipedia,Science - Wikipedia,23,,
,,,,
2018–19 Sint Maarten Senior League - Wikipedia,Latin - Wikipedia,19,,
,,,,
Teenage Mutant Ninja Turtles: Danger of the Ooze - Wikipedia,Latin - Wikipedia,17,,
,,,,
Anarchism in Ecuador - Wikipedia,Latin - Wikipedia,23,,
,,,,
Snow Mountain quail - Wikipedia,Science - Wikipedia,14,,
,,,,
Earl H. Pritchard - Wikipedia,Simplified Chinese characters - Wikipedia,5,,
,,,,
Fremantle Cemetery - Wikipedia,Science - Wikipedia,15,,
,,,,
The World of Beachcomber - Wikipedia,Telecommunication - Wikipedia,7,,
,,,,
2016–17 Coppin State Eagles men's basketball team - Wikipedia,Latin - Wikipedia,25,,
,,,,
Der Handschuh (Waterhouse) - Wikipedia,Graham Waterhouse - Wikipedia,4,,
,,,,
Trachyzelotes lyonneti - Wikipedia,Science - Wikipedia,13,,
,,,,
Pakistan Times - Wikipedia,Urdu - Wikipedia,4,,
,,,,
Krzysztof Miszczak - Wikipedia,Latin - Wikipedia,11,,
,,,,
List of Tamil films of 1971 - Wikipedia,Language - Wikipedia,12,,
,,,,
Miyuki Kobayakawa - Wikipedia,Latin - Wikipedia,23,,
,,,,
Benzal chloride - Wikipedia,Science - Wikipedia,11,,
,,,,
Kaizu Station - Wikipedia,Science - Wikipedia,18,,
,,,,
John Klunder - Wikipedia,Science - Wikipedia,20,,
,,,,
Arthez-de-Béarn - Wikipedia,Science - Wikipedia,19,,
,,,,
Music of Tahiti - Wikipedia,Science - Wikipedia,18,,
,,,,
1931 Central State Bearcats football team - Wikipedia,Latin - Wikipedia,11,,
,,,,
Senseless (game show) - Wikipedia,Linguistics - Wikipedia,29,,
,,,,
Luc Tardif - Wikipedia,Alsatian dialect - Wikipedia,5,,
,,,,
Mela (1948 film) - Wikipedia,Linguistics - Wikipedia,17,,
,,,,
Guts! (Arashi song) - Wikipedia,Latin - Wikipedia,25,,
,,,,
Another Realm - Wikipedia,Science - Wikipedia,20,,
,,,,
Zukaykah - Wikipedia,Language - Wikipedia,13,,
,,,,
Acid peptic diseases - Wikipedia,Science - Wikipedia,14,,
,,,,
New Rochelle Rowing Club - Wikipedia,Science - Wikipedia,19,,
,,,,
BSRIA - Wikipedia,Latin - Wikipedia,23,,
,,,,
Fruktsoda - Wikipedia,Latin - Wikipedia,24,,
,,,,
Birmingham Guild of Handicraft - Wikipedia,Latin - Wikipedia,17,,
,,,,
Outline of Chile - Wikipedia,Latin - Wikipedia,14,,
,,,,
2014 Vermont gubernatorial election - Wikipedia,Linguistics - Wikipedia,32,,
,,,,
Abelag Aviation - Wikipedia,Latin - Wikipedia,11,,
,,,,
1982 ACC Men's Basketball Tournament - Wikipedia,Linguistics - Wikipedia,31,,
,,,,
"Edward Somerset, 2nd Marquess of Worcester - Wikipedia",Science - Wikipedia,17,,
,,,,
Andrea Parola - Wikipedia,Latin - Wikipedia,18,,
,,,,
2005 Zurich Open - Wikipedia,Linguistics - Wikipedia,29,,
,,,,
1995–96 Danish Cup - Wikipedia,Language - Wikipedia,14,,
,,,,
"Saint-André, Savoie - Wikipedia",Linguistics - Wikipedia,30,,
,,,,
Guide Dogs for the Blind - Wikipedia,Latin - Wikipedia,23,,
,,,,
Netechma spinea - Wikipedia,Collective intelligence - Wikipedia,8,,
,,,,
Maricarmen Arrigorriaga - Wikipedia,Linguistics - Wikipedia,32,,
,,,,
Ephraim McDowell - Wikipedia,Science - Wikipedia,10,,
,,,,
Miss Venezuela 1970 - Wikipedia,Latin - Wikipedia,16,,
,,,,
Valeriy Litskai - Wikipedia,Language - Wikipedia,13,,
,,,,
Alexander Nikolayevich Samokhvalov - Wikipedia,Language - Wikipedia,13,,
,,,,
Emibai Jinnah - Wikipedia,Linguistics - Wikipedia,19,,
,,,,
Vanguard High School - Wikipedia,County (United States) - Wikipedia,5,,
,,,,
Leonardo Valdés Zurita - Wikipedia,Science - Wikipedia,19,,
,,,,
David Maclean - Wikipedia,Linguistics - Wikipedia,27,,
,,,,
Mistery Date - Wikipedia,Latin - Wikipedia,21,,
,,,,
Zeituni Onyango - Wikipedia,Linguistics - Wikipedia,14,,
,,,,
Garo language - Wikipedia,Language - Wikipedia,10,,
,,,,
Skif Paragliding - Wikipedia,Linguistics - Wikipedia,16,,
,,,,
Western Secondary School - Wikipedia,Latin - Wikipedia,16,,
,,,,
Nilo Menéndez - Wikipedia,Science - Wikipedia,20,,
,,,,
"Orange Township, Clinton County, Iowa - Wikipedia",Science - Wikipedia,18,,
,,,,
Nielsen theory - Wikipedia,Latin - Wikipedia,14,,
,,,,
Lacey Robert Johnson - Wikipedia,Latin - Wikipedia,17,,
,,,,
"Funk's Grove Township, McLean County, Illinois - Wikipedia",County (United States) - Wikipedia,5,,
,,,,
Ilomastat - Wikipedia,Latin - Wikipedia,28,,
,,,,
Bryant Hall Building - Wikipedia,Science - Wikipedia,22,,
,,,,
Choorian (1998 film) - Wikipedia,Linguistics - Wikipedia,20,,
,,,,
Jacob H. Sharp - Wikipedia,Linguistics - Wikipedia,31,,
,,,,
B&CE - Wikipedia,Latin - Wikipedia,24,,
,,,,
Hermann Glöckner - Wikipedia,Science - Wikipedia,16,,
,,,,
Blair Creek - Wikipedia,Latin - Wikipedia,21,,
,,,,
Karolína Elhotová - Wikipedia,Latin - Wikipedia,18,,
,,,,
Tim Moriarty - Wikipedia,Science - Wikipedia,19,,
,,,,
Sling Media - Wikipedia,Latin - Wikipedia,21,,
,,,,
Virginia's 48th House of Delegates district - Wikipedia,Science - Wikipedia,15,,
,,,,
Kabalebo Airstrip - Wikipedia,Linguistics - Wikipedia,15,,
,,,,
The Louisville Times - Wikipedia,Linguistics - Wikipedia,15,,
,,,,
Youba Sissokho - Wikipedia,Latin - Wikipedia,19,,
,,,,
107th Infantry Division (German Empire) - Wikipedia,Language - Wikipedia,14,,
,,,,
Darío Rodríguez Parra - Wikipedia,Latin - Wikipedia,18,,
,,,,
Francis Parker Shepard - Wikipedia,Science - Wikipedia,19,,
,,,,
Lycoming College - Wikipedia,Linguistics - Wikipedia,31,,
,,,,
Switchboard operator - Wikipedia,Telecommunication - Wikipedia,5,,
,,,,
Grwyne Fawr Reservoir - Wikipedia,Latin - Wikipedia,23,,
,,,,
Cité du Cinéma - Wikipedia,Filmmaking - Wikipedia,8,,
,,,,
Thomas Moran House - Wikipedia,Latin - Wikipedia,22,,
,,,,
"Andrew ""Blueblood"" McMahon - Wikipedia",Science - Wikipedia,22,,
,,,,
Henry Everard - Wikipedia,Science - Wikipedia,17,,
,,,,
Kolonia Piszczac III - Wikipedia,Language - Wikipedia,14,,
,,,,
Joe Fisher (journalist) - Wikipedia,Science - Wikipedia,21,,
,,,,
Lukuledi River - Wikipedia,Bantu languages - Wikipedia,6,,
,,,,
Colin Holt (activist) - Wikipedia,Linguistics - Wikipedia,24,,
,,,,
Metallisydän - Wikipedia,Latin - Wikipedia,23,,
,,,,
"Go, Dog. Go! - Wikipedia",Latin - Wikipedia,20,,
,,,,
Tim McNulty - Wikipedia,Irish language - Wikipedia,5,FALSE,started logging whether philosophy was visited 
,,,,
Leigh Dragoon - Wikipedia,Latin - Wikipedia,19,FALSE,
,,,,
Atlantis: The Lost Tales - Wikipedia,Linguistics - Wikipedia,29,FALSE,
,,,,
Wilmar H. Shiras - Wikipedia,Science - Wikipedia,20,FALSE,
,,,,
Des gaffes et des dégâts - Wikipedia,Latin - Wikipedia,24,FALSE,
,,,,
Edge of Insanity - Wikipedia,Science - Wikipedia,23,FALSE,
,,,,
Isorophida - Wikipedia,Science - Wikipedia,14,FALSE,
,,,,
Jeffery Boulevard - Wikipedia,Linguistics - Wikipedia,18,FALSE,
,,,,
1983 Virginia Slims of Boston – Singles - Wikipedia,Linguistics - Wikipedia,30,FALSE,
,,,,
Terbium silicide - Wikipedia,Latin - Wikipedia,17,FALSE,
,,,,
My Queen Karo - Wikipedia,Science - Wikipedia,18,FALSE,
,,,,
Jollain (engravers) - Wikipedia,Latin - Wikipedia,17,FALSE,
,,,,
C More Action - Wikipedia,Latin - Wikipedia,16,FALSE,
,,,,
Ross Point School - Wikipedia,Latin - Wikipedia,21,TRUE,
,,,,
Hayashi Gakusai - Wikipedia,Latin - Wikipedia,26,FALSE,
,,,,
João Marquilhas - Wikipedia,Latin - Wikipedia,19,TRUE,
,,,,
Witramowo - Wikipedia,Language - Wikipedia,13,FALSE,
,,,,
Hohm - Wikipedia,Latin - Wikipedia,22,FALSE,
,,,,
Longmornis - Wikipedia,Science - Wikipedia,12,FALSE,
,,,,
Clarence N. Stevenson Unit - Wikipedia,Linguistics - Wikipedia,15,FALSE,
,,,,
Music of Sweden - Wikipedia,Latin - Wikipedia,11,FALSE,
,,,,
Macarena Escudero - Wikipedia,Science - Wikipedia,19,FALSE,
,,,,
Volchya Alexandrovka - Wikipedia,Language - Wikipedia,13,FALSE,
,,,,
Dora Emilia Mora de Retana - Wikipedia,Science - Wikipedia,19,FALSE,
,,,,
Newtownards Airport - Wikipedia,Linguistics - Wikipedia,15,FALSE,
,,,,
John Hallett - Wikipedia,Latin - Wikipedia,19,FALSE,
,,,,
Best of the Worst (game show) - Wikipedia,Latin - Wikipedia,18,FALSE,
,,,,
"Fairview Township, Holt County, Nebraska - Wikipedia",Linguistics - Wikipedia,30,FALSE,
,,,,
Pointe de Grave - Wikipedia,Science - Wikipedia,19,FALSE,
,,,,
"Piano Sonata in D major, D 850 (Schubert) - Wikipedia",Science - Wikipedia,24,FALSE,
,,,,
Masha Lubelsky - Wikipedia,Language - Wikipedia,13,FALSE,
,,,,
Roscoe Diner - Wikipedia,Science - Wikipedia,19,FALSE,
,,,,
Matty Matthews - Wikipedia,Science - Wikipedia,19,FALSE,
,,,,
Claudio Villagra - Wikipedia,Latin - Wikipedia,23,FALSE,
,,,,
Bill Braden - Wikipedia,Science - Wikipedia,19,FALSE,
,,,,
Óscar Bruzón - Wikipedia,Latin - Wikipedia,18,TRUE,
,,,,
Giant slalom - Wikipedia,Latin - Wikipedia,22,FALSE,
,,,,
Louis Walsh (politician) - Wikipedia,Linguistics - Wikipedia,23,FALSE,
